姓	名	郵便番号	電話番号
芝田	安弘	012-1148	080-3533-6702
藤倉	信義	388-1801	080-9386-9949
真田	柚花	756-9484	080-0552-3792
江頭	遥華	470-5458	080-8258-4198
深谷	夏音	768-6071	090-6311-3897
高野	莉音	784-9556	090-3508-3271
茂木	春花	680-8379	080-5947-5071
青田	伊織	365-2702	090-4023-9546
筒井	志保	341-7811	090-8467-5883
金田	勝三	199-0380	080-3792-3568
神崎	玲	422-7797	090-4298-4060
西谷	新一郎	413-9094	090-8696-6633
堀田	由子	077-2861	080-0982-1481
遠藤	信吉	569-8251	090-1686-6237
岡	将文	753-3169	090-0540-6906
宮嶋	咲月	356-1676	080-9038-4805
中	環	830-7709	080-4331-2346
生田	昌子	607-1829	080-1023-2334
対馬	英紀	091-2624	080-4726-7420
八巻	奈緒	203-3095	080-9975-5897
藤間	優芽	812-0427	090-2753-8831
工藤	与三郎	772-6495	090-5806-3172
本庄	博一	220-1709	090-4633-4172
滝沢	幸真	067-7263	080-7385-5077
尾関	亜紀	725-0159	080-1900-4070
米沢	竜也	378-1024	090-2024-1246
竹田	立哉	052-5818	090-9574-3191
池本	椿	514-8221	080-4167-8179
宮地	由希子	650-6862	090-8258-1165
荒井	遙香	119-7924	090-5870-9327
設楽	若菜	341-6366	080-3172-9375
寺島	勝昭	500-3210	090-3027-2635
梶原	蒼衣	658-4445	090-7312-1041
西	俊光	908-0354	080-0552-6392
羽生	浩重	664-8527	090-9036-2307
武井	洋晶	110-6119	080-7649-4583
石神	竜太	792-9594	080-3667-9348
大越	恵美子	076-2536	080-2536-1929
押田	典子	688-5373	090-8606-1528
渡邊	琴葉	428-4806	080-7373-5658
宮沢	泰夫	888-8511	090-0903-9570
小嶋	円香	833-2134	090-1202-4538
柳瀬	幸彦	551-8219	080-8474-8424
吉澤	穰	533-0878	080-1308-7208
西谷	利昭	632-0172	090-3546-9643
斎木	愛音	045-2338	090-9043-2512
多賀	芳美	878-4424	080-7029-4558
寺崎	達也	997-9304	080-1242-1972
浦上	重雄	305-8668	080-3625-3513
信田	勇二	288-5261	090-1908-8911
木内	千夏	953-5125	080-3676-0846
岩沢	勉	940-8107	080-0064-8720
寺尾	力	925-6797	080-2320-3717
染谷	雅	920-3797	080-8570-3941
河原	和葉	290-7187	080-3132-5758
越智	恭三郎	462-7624	090-6516-5495
石坂	文夫	918-8213	090-1984-9296
都築	亜子	588-7220	090-8858-2927
田内	佳那子	357-1166	080-5837-5549
森	菜奈	208-6589	080-9935-8244
尾上	寿	096-0574	090-5708-6947
時田	常吉	979-2029	080-2298-3729
細井	厚	150-3183	090-5203-6332
川中	比呂美	977-0974	090-3521-2050
石岡	国男	044-6236	090-7348-0110
太田	健次郎	466-1677	080-3640-5184
戸村	正利	521-9431	080-8679-3100
越智	百華	829-9339	090-9135-5379
片岡	由菜	951-3285	090-9235-9199
小宮	英三	849-6866	090-9623-7277
的場	菜奈	124-4743	090-3784-5908
益子	円香	807-4481	080-8956-8518
大庭	正勝	298-0707	080-1984-1438
猪狩	一華	823-6670	090-7515-0120
上地	弥生	368-3995	080-5094-6228
垣内	詩	527-8488	090-5959-2940
大槻	次郎	518-2237	090-2972-0345
徳永	亜紀子	633-4075	090-2114-3408
川中	康生	733-0158	090-8373-0552
磯貝	幸司	105-7420	080-8220-8171
小寺	里紗	035-5173	090-2629-7403
早坂	千夏	281-1189	090-6048-1098
羽鳥	康朗	020-9716	080-7019-6689
野本	柚衣	306-5808	080-1294-4887
前山	麻耶	100-4978	090-4217-7735
江本	恵	659-3282	090-0150-8873
鷲見	三雄	981-1868	090-6556-1899
玉城	頼子	308-8140	080-0943-9462
楠本	美由紀	653-7851	090-2769-6691
舟橋	一郎	733-7848	090-8038-0464
李	里奈	829-8316	080-4685-6359
花井	健吉	313-2585	090-0470-0217
荻野	祥治	911-4489	080-4600-5831
北島	美穂	428-6346	090-0713-4232
佐久間	百香	530-3331	080-0412-0036
広井	正文	691-4027	080-0040-2887
木暮	達雄	373-5343	080-7526-8027
都築	和花	176-5846	090-7959-2604
森沢	由香里	142-4519	080-2031-2261
西浦	勝巳	517-0140	080-3345-6669
中本	松太郎	528-3560	080-1028-7643
大窪	利奈	814-8319	080-6457-3041
廣瀬	梅吉	731-7411	080-8113-7526
都築	千枝子	217-3480	090-6164-6551
平山	麻里	554-1399	090-8258-1783
岡元	達夫	190-0522	090-7411-8639
久我	亨治	332-8262	090-0078-4159
柚木	栄三	415-9898	090-9704-9383
福地	新一	374-9676	080-5810-0174
奧山	里穂	756-3354	090-9180-4314
辰巳	遙	734-7829	080-2189-4399
谷野	理央	661-6812	080-0967-8371
盛田	理	901-1599	090-9171-4434
新居	純一	005-4049	090-9309-8195
平山	藍	021-8527	090-2039-0134
奈良	国夫	643-4950	080-8700-3775
林	松男	504-5827	090-1600-9186
赤沢	孝三	092-7938	090-1745-4181
穂積	康朗	555-0983	080-9967-0914
笠原	晴彦	432-9383	080-3520-8765
細野	禎	210-0332	080-4292-6646
小田島	省三	798-0224	090-9122-9146
泉田	徹	114-2331	090-6418-7244
武智	美怜	511-8338	080-2540-1906
田山	未羽	691-4412	080-2009-7115
桑田	伊都子	106-2240	080-9479-2064
四方	雅雄	634-3757	090-4680-8117
西	陽香	767-0257	090-8802-3694
浜岡	研一	727-6135	080-6437-1022
杉	茉莉	988-4508	090-6436-6140
窪田	奈津子	673-6803	080-1186-3766
吉松	心菜	743-8451	080-9301-8577
伊原	明男	953-4766	090-9237-1376
辻井	吉郎	087-6778	080-7595-4518
寺村	菜々実	899-6139	080-3156-9967
細谷	義信	932-0582	080-3697-0685
嶋田	兼吉	649-6925	080-8584-3982
高林	美里	209-7994	080-0542-9389
新保	晶	757-1418	090-6438-2574
二村	美怜	308-5541	090-1749-1946
和気	緑	645-3802	090-7721-7185
角谷	麻耶	031-5985	090-1717-7365
小路	芳人	791-1440	080-2229-8686
神谷	孝	901-5066	090-0446-4242
南部	千絵	929-5259	080-5694-0237
辻本	善吉	832-0888	080-2874-8265
横田	義一	399-0880	080-4654-2741
神原	愛	023-4538	080-5914-8899
橋本	健次郎	206-5639	090-9849-9276
米川	容子	170-1436	080-2641-9588
溝渕	菜穂	476-1332	090-9258-7085
井上	勝也	247-6690	080-1773-0388
大関	和彦	145-8243	090-4133-4396
井口	季衣	086-3789	090-2522-4835
出口	勇吉	636-1734	080-3465-7751
及川	栄三郎	223-0525	080-1963-8148
内藤	竹男	309-7855	090-0332-7498
浜	広重	443-5688	090-2432-8332
川原	朱里	602-9644	080-8700-3172
小山内	美沙	041-7041	090-3665-8921
嵯峨	梨紗	514-0661	080-1807-5817
小嶋	誠	121-1046	080-0464-3264
佐山	敏仁	599-4455	080-5664-2226
柏原	理央	585-4658	090-4024-5844
永山	凪	467-5021	090-2907-6242
小路	絵里	623-6782	090-4061-2039
井内	亨治	231-5284	080-0235-1675
梶田	育男	107-9264	080-4995-2979
大矢	志乃	294-8182	080-3215-2303
江川	陽花	608-1071	090-0689-0370
北条	輝子	488-1464	080-0872-0035
宗像	完治	721-0183	090-7613-9535
日比	伸浩	863-3861	090-3991-9501
吉村	花奈	644-6613	090-0688-3934
柳澤	早百合	761-3160	090-1285-6326
岩橋	茂	619-2691	080-1074-3146
辻村	聖子	773-1225	090-3730-5567
荒巻	隆明	166-0307	090-9665-2073
守田	香織	852-1310	090-7543-3887
小室	寛	972-7139	080-6479-9658
湯沢	光彦	138-6765	090-1666-5138
尾上	賢	789-2690	090-9752-1241
立花	美貴子	503-4382	080-5485-4528
堤	民男	888-1328	080-6873-7184
瀬川	雪菜	840-4293	090-1728-2324
服部	信男	958-2037	090-3044-6010
上原	明里	251-1069	080-7063-1021
尾田	麻美	685-3331	080-5252-9966
木本	一太郎	225-7557	090-8866-9465
三瓶	茂志	187-0288	080-1681-5886
池田	勝久	294-8792	080-1225-7862
門田	岩夫	893-3898	080-2416-0733
和泉	浩秋	077-2155	080-2060-8477
大江	琉那	350-7151	080-6928-1003
斎藤	正徳	904-7522	090-2299-1529
鶴岡	一弘	169-3973	080-5321-9637
北原	一太郎	161-3300	080-1206-7924
森井	愛華	126-5658	090-9977-4052
野沢	勝子	844-3860	080-4124-5055
今川	琴美	068-5714	090-2946-0081
神戸	美桜	536-1103	080-3912-6375
武山	心咲	543-9985	090-1354-9320
紺野	怜奈	808-6570	090-0305-7345
菊川	里穂	019-2079	090-5865-6906
小柴	康生	528-7381	090-3582-7570
高久	琉奈	445-7294	080-5776-5163
岸野	圭子	774-4334	090-2679-0933
久野	道世	395-3361	080-2923-5455
杉谷	弘明	616-8122	090-5350-3685
仁平	秀明	819-4830	090-3031-8137
名倉	英子	093-1906	080-8212-9822
佐久間	正紀	688-2453	080-5528-7430
手嶋	伊織	745-8490	080-6122-5321
三野	慶子	913-5839	090-4681-2446
園部	正彦	308-7381	090-3869-1978
大原	亜沙美	151-4565	080-3696-1010
沢村	金作	268-4626	080-0050-6288
山川	好男	059-2542	090-6341-0932
宮村	英子	767-8809	080-4362-4162
涌井	美怜	600-1844	090-7952-8642
大石	一仁	931-3015	090-9126-2201
曾根	貫一	274-1732	080-6031-5658
有田	一樹	631-2219	090-8294-5489
曽我部	莉穂	825-3640	080-7128-1399
磯崎	早希	993-5027	090-8693-8019
長野	凛花	829-0352	080-5740-7053
新川	遙	599-8051	090-9269-9012
古家	登美子	399-0759	080-0784-4642
山辺	昌孝	011-5841	090-8059-0541
檜山	邦仁	753-3856	090-2001-7758
大友	勇次	733-0208	080-5880-8017
竹野	裕平	653-3294	090-0209-2302
長崎	高志	033-0059	090-4503-3626
吉武	淳三	735-8791	080-9231-0743
星野	美音	531-4997	090-5060-2508
古田	晴奈	097-4061	090-5894-6835
武山	裕美子	449-8954	080-1052-9978
鈴村	淳一	349-7042	080-5803-2214
新海	謙二	891-0234	090-7741-9104
藤沢	政男	061-5228	090-2125-8841
浅利	俊文	608-3644	080-9130-1232
岸野	峻輝	803-6379	080-7165-0140
坂倉	孝治	309-2438	080-3063-3730
白木	昭一	186-8996	090-1382-0222
的場	美桜	047-7542	080-7853-5999
高須	淳一	039-3332	080-6056-3069
梅野	朱音	609-7936	080-3267-1729
安部	玲奈	425-8503	080-3431-3235
北村	辰雄	641-2289	090-9635-7092
高瀬	龍雄	437-5691	080-4442-9206
辻本	真歩	987-5979	090-3090-0427
西森	行雄	330-6213	090-1831-4403
新山	亜矢	413-7832	090-1077-5117
亀山	六郎	209-0721	080-7606-3299
今	和幸	607-5577	080-5659-5861
富樫	詩織	673-5091	090-0690-7055
野呂	範明	297-4133	090-8655-8462
福井	芳男	203-8793	080-6440-7881
吉田	詩織	880-2386	080-0344-5498
堀部	貴美	533-2751	090-2846-5824
谷内	有正	519-4503	090-6065-9300
宇佐美	明菜	619-5795	080-8694-2191
狩野	絢香	503-0741	090-5036-5408
坂東	義光	697-8481	090-5624-0280
小椋	彩華	216-5478	090-0712-6945
永岡	美姫	592-6007	080-2905-7355
金田	志穂	176-4732	080-7250-8708
丹野	由佳	760-6526	090-8754-4499
神戸	沙紀	067-5604	080-1174-2465
小森	寅男	412-1074	090-3983-5640
早田	早百合	912-4884	090-3570-2280
箕輪	翔	032-2759	090-2774-8930
大里	真奈美	967-2509	080-3380-2929
阿部	愛華	327-0180	090-1275-5614
坂内	一二三	668-1901	080-9280-8661
大東	彩華	730-2385	090-9740-7311
神野	萌衣	348-7739	080-5423-5176
坂下	優来	281-9528	090-4225-3578
武山	千枝子	507-8427	090-1999-4128
堀川	静	263-9825	090-1479-7142
重松	美香	230-2193	090-6919-1120
神保	勇二	681-8481	090-4447-6923
亀谷	剛	848-9512	080-8958-7279
李	莉歩	387-9993	080-3305-9307
大出	咲希	474-5192	090-1472-4932
神原	民男	751-3570	090-8862-6423
明石	歌音	639-7125	090-9108-7965
綾部	建司	171-1827	080-8876-5941
新村	幸次	493-9585	090-5796-6453
都築	早苗	323-6133	090-1092-7053
深田	利平	315-2751	080-5123-8603
新妻	光一	438-8053	090-8918-9832
首藤	由起夫	963-6121	090-8010-6273
北井	奈緒美	708-6063	080-9629-0660
小熊	敏郎	997-1038	080-3364-8584
宮井	麻紀	221-2744	090-3981-0075
薄井	陽花	109-0381	080-0946-2804
谷藤	博昭	580-2453	090-5145-3526
川本	羽奈	377-7974	090-3826-3119
川端	繁雄	699-0808	090-5458-8115
村尾	百花	224-1368	080-6354-9865
八重樫	保	827-5621	090-3459-5937
長井	友吉	631-6992	090-5786-2289
百瀬	達徳	446-5228	090-4686-4578
多田	広志	229-4693	090-3527-1876
大原	昭男	878-0904	090-5082-5916
平田	初音	017-8230	080-3577-4832
恩田	亜弥	320-6954	090-0321-4034
上原	真一	325-6922	080-4662-4025
大嶋	太陽	472-3353	080-3075-3776
高木	輝夫	370-6335	080-1378-4261
中根	猛	045-5932	080-2780-1117
八幡	義則	887-6973	090-8562-7381
平沢	清一	538-6315	080-7804-7909
波多野	隆志	799-2312	090-2116-2407
泉田	美愛	707-1055	080-4095-1536
日下部	仁	876-0989	090-1896-7535
細谷	澄子	901-0466	090-2214-1471
寺村	義夫	005-3734	090-2850-2807
坂倉	心春	621-3847	080-4439-5735
露木	辰也	132-5002	090-3852-4232
畠中	昌嗣	836-0200	080-5082-2481
中	和仁	493-3712	080-7698-0487
寺岡	恭子	906-9319	080-7779-5332
西脇	和夫	731-3369	080-9076-3370
羽生	和香	737-2673	090-2635-3387
石井	豊治	675-3174	080-8159-9872
塚原	明夫	895-8191	090-3374-1158
石村	雫	496-8712	080-5133-5044
大場	時男	105-0666	080-8684-1230
北山	登	535-4072	090-2859-1439
大庭	鈴	773-6075	090-5569-9621
沖	邦子	816-4771	090-6134-0007
小堀	広史	346-8904	090-8846-5189
綿引	澪	770-3856	090-9712-1622
八代	琴美	847-0392	090-7987-4002
堀口	梨央	370-1004	080-8094-6280
大窪	夏美	304-7811	090-2700-2302
亀田	新吉	130-4726	080-4257-2521
相原	凛華	777-5714	090-3601-0475
石山	政美	327-0776	090-7778-9228
浜崎	琉菜	695-9786	090-1112-3339
下地	和彦	315-1963	080-0553-9080
我妻	春吉	467-1524	080-8781-2678
武内	年子	873-5613	090-7447-7774
村井	正美	721-2019	080-2180-0999
河崎	大輔	620-9198	080-3031-2140
小橋	敏哉	434-5994	080-4069-7472
高坂	柚月	988-2744	090-9889-1089
戸谷	友美	460-7664	080-2965-7643
湯沢	穂花	142-0608	090-4700-6668
水本	善雄	025-6687	080-9197-8212
大塚	一二三	233-9415	090-2268-1768
穂積	結奈	329-8763	090-8888-7500
時田	和葉	538-9568	080-6804-5759
渡辺	昌利	436-3382	090-4806-9585
田口	悦子	113-6589	090-0618-2420
新宅	麻里子	765-3419	090-1661-9504
宗像	茂雄	733-8884	090-5614-0170
羽生	結子	130-4136	080-7106-8829
井田	桃華	929-2378	080-4519-1115
加藤	美里	410-4818	090-6675-1688
鈴木	椛	105-8253	090-7391-9889
松村	秀光	208-4462	080-1188-8526
日向	和利	340-6561	080-2633-2941
村木	幸太郎	303-2585	090-1281-0499
神戸	淳一	577-6262	090-7028-7953
宮城	玲子	622-5126	090-8505-6138
向田	道子	683-1957	090-3269-2884
大本	千絵	855-4973	080-9792-4087
設楽	裕紀	443-1065	090-9821-8146
佐瀬	菜帆	800-7412	090-4508-4511
豊岡	勝次	046-8873	080-5794-7982
菱沼	晶	893-1537	090-5993-8588
正木	春彦	553-8169	080-6191-4007
藤谷	涼太	473-1296	090-7564-7523
尾形	祥治	654-0501	080-1376-8543
江口	裕美子	164-6321	090-6198-8976
田淵	紗英	128-4155	090-7995-6971
河西	伊吹	346-2974	090-8324-0450
半田	実可	259-9681	080-7174-5833
山谷	博之	921-6737	090-8686-7296
藤巻	杏奈	212-2497	090-2483-7097
沢田	歌音	869-1135	090-5952-7241
久野	利雄	726-9159	090-8942-7553
中居	陽花	852-8273	090-8729-5400
真田	真尋	267-8205	080-8277-3871
新谷	比奈	912-5573	090-7964-5858
坂内	貴士	000-5579	080-8383-9739
梶山	光夫	212-6164	090-4460-6226
笠井	茂志	424-9733	090-5437-6811
安達	志保	127-6270	090-1247-3664
柚木	幸雄	367-4300	090-4180-9483
佐々木	花子	435-4606	090-5098-0162
田渕	裕紀	006-2404	090-0117-1327
日下部	絵美	624-1631	080-8932-9444
日置	達徳	102-1857	080-8552-0325
天野	穰	897-1178	080-4960-7977
徳丸	愛結	278-1216	080-4348-4050
坂根	治彦	588-3318	090-6017-8906
辻村	豊吉	322-6696	080-0133-8291
谷山	政男	380-5810	080-6834-9229
海老原	翠	831-7808	080-2997-0817
長井	音々	906-2023	080-9924-0410
丸尾	栄伸	579-7247	080-8455-9566
津田	孝夫	255-7798	080-5700-5513
仁平	寛	405-9185	090-4368-4175
西垣	千夏	975-6491	090-5384-9327
吉村	玲菜	223-7306	080-5527-0465
比嘉	耕筰	706-1305	090-2791-4151
大浜	春香	376-0818	090-3342-2962
岡林	将文	159-6270	090-0343-9431
小熊	育男	154-3280	090-6430-3676
小室	俊二	463-1885	080-2154-2482
浅川	麻世	317-9213	090-5768-8495
小崎	隆三	976-1378	090-4820-4088
梅野	果凛	785-5307	080-9135-7917
布川	泰弘	318-8768	090-0366-1582
深澤	譲	182-3110	080-2735-8910
大泉	朝子	299-0296	080-5673-6581
比嘉	金次郎	832-4616	080-6701-3885
長谷川	彰	794-9996	090-8718-0175
有村	善雄	586-1831	090-3887-3999
熊野	朱莉	318-9120	080-5204-9889
二瓶	亨治	636-8855	080-7565-9987
脇	貞二	522-7653	080-9124-2109
石本	沙耶香	359-3230	090-4514-9355
神保	与三郎	795-5449	090-9917-0317
熊倉	清人	828-3078	080-5363-8745
小貫	大輝	936-2335	090-7624-5408
梅村	朋花	638-9862	080-9864-4165
小椋	岩夫	592-1686	090-0188-9069
李	隆男	079-8481	090-8789-1042
三野	真由美	485-8074	090-3122-5184
錦織	美雨	626-9511	090-1195-2519
竹田	比奈	217-5211	090-8325-1762
秋吉	愛子	278-4298	090-2223-1750
三国	賢三	622-3963	090-5937-8769
沢井	寿晴	952-8702	080-7341-6498
大上	明	524-2683	080-7213-2976
新開	道男	204-1256	090-7007-4183
藤枝	基一	393-4137	080-2600-3711
大畑	美千子	640-2430	090-3248-5835
梅野	達夫	540-2352	090-3930-2017
持田	和也	567-2349	090-1841-7953
岩川	幸作	806-4120	080-8331-1659
三浦	圭子	396-3152	080-9954-6031
高倉	徳太郎	670-4443	090-1034-0378
寺尾	秀之	035-5757	080-7558-5654
正田	斎	472-3517	080-8364-9200
広川	良之	115-0024	080-0909-3367
吉成	努	976-1588	080-6587-2772
西浦	未央	644-1264	080-7400-8603
小出	美代	324-5482	080-0516-2831
杉	健一	260-5052	090-0521-5298
牟田	一仁	282-9987	090-5229-2768
所	洋司	672-7644	090-7309-1627
片岡	雅	435-2876	090-4765-6798
花房	真理子	101-8026	080-8125-0877
金田	朝子	234-8570	090-7117-7063
浦上	正三	112-6495	090-3977-7116
赤星	茂	113-0369	080-5289-7653
岩淵	卓	645-3295	090-9908-4195
大江	美樹	198-3374	080-7788-4463
福沢	飛鳥	118-9786	080-9558-1818
池本	剛	162-9918	090-7400-0571
真鍋	智恵	356-4960	090-4916-4799
神戸	輝子	494-0358	080-3825-5337
相沢	咲季	180-4863	090-3096-1195
新	富雄	385-4719	090-0343-1594
古家	紀夫	409-7802	090-2827-8766
寺島	大輝	396-8352	090-0643-2364
小畑	麻奈	342-0513	090-9040-3702
奥井	一司	023-1877	090-5247-1004
進藤	竜也	136-6353	080-6141-1707
河内	邦久	647-6211	090-7908-1098
泉	里佳	421-9508	080-7256-1822
大貫	陽花	950-8334	080-8041-1084
山添	千春	332-0427	080-9941-5966
矢口	美久	300-6452	080-9746-4857
喜多	柚香	134-1526	080-6214-4719
八島	利恵	774-5181	080-7977-3916
荒巻	由紀子	412-8510	090-8225-9489
冨田	紀夫	741-1307	090-2519-3780
寺沢	寅吉	568-1945	090-9559-8330
羽鳥	志帆	868-5321	090-4216-0757
脇本	栄三郎	272-2436	080-8488-3813
河島	歩実	078-8447	080-5459-2045
高松	浩之	476-1827	080-2112-9609
向山	静子	053-2715	080-5387-5067
白土	沙也佳	276-7004	080-0165-6133
豊島	竹男	933-8847	090-2183-4380
福嶋	優芽	888-0376	090-9035-8999
稲川	清司	827-2647	080-0083-7134
榎	宏次	471-3204	090-6159-6025
重田	若菜	949-6109	080-7728-1055
宮脇	勇二	916-3465	080-4389-9448
岩野	知佳	446-8404	090-2444-1303
米川	博一	944-3471	080-4944-3085
永田	宏美	829-8563	080-5211-5842
武智	栄伸	504-0716	080-1851-3649
川瀬	春男	107-2651	080-3784-3738
藤澤	清司	450-7523	080-9280-5795
杉山	羽奈	675-6638	080-0764-1809
峯	実	536-7094	090-2082-0509
山浦	達	381-7299	090-5917-3356
城	隆夫	268-2549	080-0780-2891
住吉	辰夫	879-7626	090-0080-1964
橋場	香音	075-5203	090-6143-4597
早川	政治	671-9319	090-0915-9850
門間	静香	782-1470	080-8379-0820
寺本	千夏	809-6417	080-2685-5245
河津	由里子	538-3839	090-1583-0517
廣瀬	春代	583-2027	090-7660-0419
迫田	好美	079-3220	080-3199-4230
西本	松夫	315-7128	090-6381-9065
前沢	幸太郎	221-2637	080-0521-6376
神田	由香里	808-3201	080-4703-6326
久野	敦盛	800-3309	080-1131-7496
入江	花梨	743-6098	080-0303-5063
滝本	雅人	144-8546	080-8025-5833
松丸	一宏	238-6063	090-7491-5079
五島	愛美	492-1129	090-9109-9666
橋本	彩香	425-9439	080-2742-9537
柘植	小枝子	600-2534	090-0178-2938
結城	長治	787-1042	080-2592-6836
加藤	竹男	445-7561	090-1581-4296
堀	信夫	479-1931	080-0729-9958
板橋	佳歩	622-1643	090-3711-8512
深沢	幸市	606-8853	090-2076-9077
近江	靖子	954-6068	090-9291-7846
堀越	志保	368-2914	080-8196-3722
南野	堅助	032-8793	080-6601-9514
池永	勝美	898-0981	090-5909-7059
重田	由美	236-8269	080-2383-3360
中谷	幸三	399-8138	090-8677-9437
杉森	晴	176-0304	080-9597-2862
内田	晴	628-7610	080-2062-3382
水谷	末治	709-9222	090-4870-3491
新山	文隆	938-7055	090-8883-6376
川畑	政治	831-7897	090-5409-7813
上原	絵里	678-1850	080-9376-9432
市川	佐知子	557-3335	090-1283-5553
田端	睦夫	722-0661	090-9888-2861
牛山	貞雄	572-9145	090-1948-0946
緒方	一二三	891-9944	090-9913-5724
内藤	昭司	567-7076	080-3559-7395
下山	比呂美	962-4561	090-5186-9274
重田	晴花	259-5666	090-0721-5483
平石	久子	319-2454	080-3513-5728
柚木	好一	223-4559	080-2339-3091
高森	浩秋	838-7843	080-5846-5716
熊野	研治	766-9349	090-4225-2063
渕上	羽奈	946-6858	090-2196-3466
下村	由菜	119-9625	080-5485-0818
柳生	矩之	218-8227	080-9224-8956
藤間	志帆	717-4814	090-7282-6126
藤永	百恵	769-7060	080-2920-7074
海野	真凛	128-8819	080-0285-7878
柳井	直也	448-2658	090-5719-9313
八幡	伸子	096-8741	090-9368-3876
菅原	葉菜	699-8684	090-5662-0870
大西	成美	664-5619	090-0791-1548
渡邊	久美	235-2833	090-8918-9348
大庭	雫	351-4654	080-7973-6360
藤原	克美	107-4367	090-6434-6050
大沼	康雄	026-3671	080-1494-6379
森井	光昭	314-6466	080-0601-1043
添田	沙也香	563-0371	080-3705-9162
羽田野	健介	509-3991	090-3650-2163
白石	時男	988-9515	080-8001-1431
野田	孝利	741-0629	090-4007-3004
大出	優太	105-0038	090-0516-7825
芳賀	昌子	438-5035	090-0482-7062
亀谷	英人	030-0552	090-2657-7513
岸本	莉央	684-9867	080-3470-1307
兵頭	初太郎	173-3060	090-0234-4029
浜本	良平	594-0937	080-8674-0985
安西	澪	683-4237	090-5324-7808
大浜	彦太郎	329-9144	090-9059-8924
奥田	円	023-1187	090-6825-1085
山西	金吾	090-6131	090-3214-4298
宇田川	佳乃	214-1371	080-9224-6743
中条	清	810-7512	080-5329-9072
宮越	日菜乃	723-2799	080-9399-6681
谷田	彩希	747-4245	090-5320-1308
四宮	勝美	848-5723	090-3684-3239
進藤	登	977-6467	080-5386-0394
染谷	惟史	469-2099	080-4051-4648
小木曽	治	053-3523	080-8830-5181
品田	花奈	915-5766	090-3931-0453
都築	凛華	200-0472	080-7709-0749
折原	俊彦	886-0352	090-5701-2560
仲川	美紀	104-0898	090-5850-3853
中江	和裕	215-0871	090-0553-8966
井内	華乃	930-5078	080-5687-8017
土肥	璃子	403-6741	090-0208-8020
船越	莉乃	127-8062	080-3718-8738
石神	明美	300-8174	080-0783-8918
太田	利勝	882-0492	090-3328-8949
飯村	胡桃	702-4004	090-0172-0077
菅野	明夫	687-4845	080-2718-6517
高良	亨治	478-6921	080-8938-7786
西山	一寿	617-8963	090-9631-8027
隅田	利恵	616-3492	080-0144-7200
須崎	翼	085-1372	080-8717-4880
神林	桃	389-2530	080-8443-1740
小高	靖	724-6537	090-6801-1763
岩永	浩之	526-0887	080-8329-2309
羽鳥	健太	202-8592	080-0724-0134
板谷	祐子	226-5818	090-3380-7317
金本	萌花	261-5779	090-1577-4141
畠山	元彦	218-8675	090-0619-8670
大西	颯	976-2263	080-6820-1795
五島	重信	052-0413	090-5837-2532
松元	邦久	627-7181	090-9515-7371
吉沢	政吉	331-5030	080-1502-4875
大河原	忠三	717-7051	090-5699-9892
北野	久美	335-8790	080-0573-6192
仲宗根	達志	490-6219	090-1356-0434
谷中	亜子	761-5450	090-1211-6060
砂田	美穂	298-4236	090-8651-4078
大家	千明	884-4299	080-2413-1775
正木	翠	282-6285	090-2062-1902
梅田	花梨	426-4102	080-6888-3123
水沢	香里	209-0811	090-8078-7051
川崎	奈津子	872-4134	080-6390-9842
坂口	昌利	263-7132	080-2181-5389
沢口	浩司	384-3513	080-8723-2681
長内	勇雄	632-1259	090-5893-1690
八代	喜久雄	346-9020	080-7407-9330
名倉	歩	741-8447	090-0719-8278
竹森	昌彦	406-0254	080-0727-0981
布川	光雄	228-2380	080-6274-6529
沢村	喜代	244-6680	080-2230-4460
神山	忠一	572-3237	090-7318-3688
福間	永二	768-0690	090-7847-1023
大畠	裕美子	221-5717	090-1243-6792
竹中	亜子	154-6081	080-4165-7075
中本	広治	583-7405	080-5852-0743
坂井	勝利	978-6632	080-5012-9274
赤間	達夫	278-2280	090-1080-8523
新村	照美	724-1588	080-1783-0789
臼井	勝巳	830-3458	080-4334-0511
湯田	剛	277-5542	080-1761-2274
山森	徳子	654-4938	090-6348-5587
猪狩	信義	381-8083	090-9441-8489
小早川	幹雄	136-2217	090-7672-3553
村木	大和	117-2204	090-2782-5106
仲川	春美	830-6040	090-8139-1092
長岡	文男	745-7319	090-6130-5949
奥平	徹	505-3097	090-1181-1645
柳田	真由美	970-2321	080-4378-2644
根本	深雪	221-1405	080-1583-8971
高沢	文平	385-3677	090-8484-9864
村岡	真結	574-5125	090-0225-9851
葛西	育男	898-9332	090-6787-3978
永山	琴美	105-6961	090-6358-5493
湯浅	帆乃香	836-4374	080-3276-9667
漆原	寛子	418-6411	080-5352-8899
堀口	百合	584-3016	080-3966-6171
南雲	晴奈	349-8022	080-0300-7282
井沢	葵	508-8460	090-2384-6525
玉田	風花	200-5026	090-7810-9795
我妻	晶子	640-2136	080-6758-4287
末次	智之	377-8214	080-1547-7650
小幡	文乃	088-7188	080-9643-6170
飯島	花蓮	395-3423	080-5403-1283
宮地	紀夫	622-8757	090-5464-9789
尾形	麻世	579-8610	080-3376-2479
藤枝	好一	262-7302	090-3284-1880
岩下	法子	237-2091	090-1380-5201
菊池	政次	786-3080	090-3910-1963
浜岡	悠奈	162-4291	080-6321-1985
坂元	一朗	204-4919	090-8114-0598
中道	光明	456-7103	080-8724-3387
三田	璃音	128-7400	090-2941-4609
河津	美穂	468-3305	090-9764-5326
田村	幹雄	432-8040	090-7334-0821
椎葉	美貴子	310-9650	090-6941-7014
門間	千絵	289-1913	080-9282-4168
小野田	富美子	140-8273	080-2982-5749
平良	桃佳	976-5242	080-3943-3603
品川	優那	320-7840	090-7971-7259
西	優	448-0292	090-9522-5204
梅村	留吉	760-9314	090-7157-4824
木田	清志	352-2007	080-0684-3290
浜口	英俊	013-4569	080-6326-9185
柳井	幹男	169-3397	080-3942-4308
船山	花蓮	388-0798	080-4167-4455
白土	遙香	953-8403	090-9958-0460
友田	真紀子	036-0956	090-3047-6929
大橋	美沙	648-5727	090-9409-6826
田野	一男	004-8258	090-1027-8665
李	義弘	244-1186	090-9244-0333
篠原	麗華	333-7795	080-3859-4265
竹中	八郎	756-4928	090-7087-4158
袴田	祐二	687-2002	080-2541-3899
三木	穰	083-9347	090-6089-2120
神谷	清香	248-3390	090-4937-7062
袴田	春奈	304-1080	080-7535-6299
鳥井	花穂	500-4694	090-7750-3396
田嶋	明夫	809-9200	090-4012-0302
大黒	楓華	727-4509	080-7024-4750
日比野	結月	792-0532	090-1937-5633
竹林	実希子	289-4984	090-7392-8767
山形	弥太郎	130-3975	090-6788-8038
栄	凪	070-2698	080-8144-6182
豊島	徳太郎	050-6657	080-9454-6888
鶴見	祐司	998-7174	090-1753-8459
市村	清香	592-5604	080-0085-8469
磯部	岩夫	411-4606	080-2470-6567
鬼頭	正博	481-0071	090-8589-1057
島袋	貴英	722-2055	080-9033-2883
佐野	啓二	724-5959	090-5915-9145
大河原	郁代	606-9787	090-9395-6287
藤倉	勇夫	625-4893	090-6588-1418
末永	理津子	145-2084	080-5506-7693
若松	次男	225-1496	080-8799-0347
中込	幸子	281-4955	090-6630-6427
対馬	利郎	883-3684	090-4352-3061
神林	智恵子	559-6555	080-9773-6327
日下部	和男	186-2622	080-5858-0593
石黒	飛鳥	095-8752	090-5239-1439
長	志歩	277-3082	080-5807-2650
別府	舞香	139-5614	090-8729-1769
三浦	泰彦	900-0371	080-8291-5044
平林	一行	873-5186	090-9321-4832
加賀谷	勝次	370-8334	090-9140-5976
相良	輝	438-7556	090-2744-6883
巽	敏明	708-3751	080-0496-7172
高畑	華乃	254-7723	080-7929-6041
今岡	雄二郎	769-8937	090-5317-4219
寺嶋	恒男	111-8363	080-2842-6384
岩尾	新太郎	289-1367	080-2981-8424
石谷	浩俊	578-8987	090-2221-4170
下川	優子	308-9032	090-1184-6870
八島	孝志	359-6741	090-6919-2542
橋田	友子	701-6707	090-1508-7965
海老沢	力男	630-9749	090-4004-9459
遠山	和茂	129-7181	080-1358-6597
矢内	昌也	021-0475	090-6980-6144
保田	浩	765-5641	090-7502-3041
竹内	岩男	539-1312	080-0962-9436
川久保	亜紀	558-6859	080-7805-9305
阪本	灯	453-1992	090-7185-9810
神田	昭子	540-0847	090-4090-6057
和田	光彦	848-6482	090-9005-0860
諏訪	欽也	602-9225	080-8657-8234
田丸	等	492-0220	080-1861-8078
伊勢	岩雄	373-8764	090-8858-1832
門間	拓海	454-4274	080-7855-2080
岩田	秀一	317-3956	080-2341-1829
安江	勇次	343-7707	080-1231-2991
涌井	隆吾	252-3884	090-8624-0549
田上	昌枝	035-1135	090-5948-1200
松宮	栄美	786-7416	090-0980-7692
寺岡	諭	478-5604	090-5208-7619
辻本	健夫	428-3455	080-0112-5879
角	芳美	334-5545	080-9708-6785
清田	敬	810-6350	090-0808-5418
大和	亜抄子	677-3091	080-0942-5245
川原	瑞希	037-3175	090-3051-1954
広岡	唯衣	792-0847	080-4845-4418
脇	瑞稀	816-8915	080-9125-9709
李	信夫	490-4940	090-2502-1369
竹之内	栄太郎	246-9042	090-9575-8663
大家	真由子	045-4932	080-2131-1219
伊東	文男	318-2866	090-2759-6785
熊谷	今日子	573-1970	080-5942-9712
阪本	智之	330-7673	090-1464-3824
森本	日和	806-3788	080-6588-2987
朝倉	有美	522-5938	090-1451-3653
深沢	由姫	482-0710	080-0195-8048
新倉	唯衣	754-1093	090-9478-1552
鷲見	賢治	375-8065	080-3999-1791
米村	和佳奈	796-3197	090-2863-8631
石原	絢子	291-4409	090-6642-6544
大町	鈴	073-1297	090-7972-9807
馬渕	雅信	320-8918	090-5673-6066
宮永	光	739-7136	080-8708-8748
柴山	章治郎	709-0973	090-6100-0511
末永	三夫	104-5250	090-2803-9524
土肥	長吉	320-5053	090-5136-0066
赤池	明美	714-7126	090-2537-7579
佐久間	遙	820-6523	090-8489-6651
岡野	秀明	502-9226	080-3803-2762
直井	弘明	091-5183	090-4643-7410
大越	甫	730-2350	090-5595-0040
上島	憲司	691-6361	090-2655-9773
佐原	正元	044-0747	090-8852-5885
結城	雅信	314-6175	090-6759-4235
染谷	絵里	035-6414	080-2200-8228
岩川	今日子	711-7591	090-0373-5849
上川	華音	839-3655	080-9491-6053
池田	大輝	737-1249	090-6465-9877
前沢	哲美	991-3715	090-1663-4954
高島	奈穂	352-6352	090-9857-6485
米本	棟上	303-8082	090-2852-0537
谷中	光成	585-4323	080-5425-3287
細井	岩夫	831-1069	090-7360-1048
坪井	雫	214-3824	090-3981-3751
川嶋	善太郎	741-7588	080-3129-8313
浦川	昭一	328-0055	090-6137-8885
山本	常夫	132-4348	090-3547-7456
松本	勇一	321-1311	080-7501-6818
児玉	昭吾	476-1433	080-2697-6827
松倉	凛花	603-5119	090-0224-3636
丹治	莉音	368-3157	090-3521-6766
南雲	春花	753-3434	090-6490-8899
市原	舞	649-9148	080-3698-8420
丹治	卓雄	892-8628	080-2184-1973
荒巻	心愛	421-9566	090-4165-6481
都築	沙菜	779-7976	090-7878-8515
北原	二郎	283-8654	080-2296-5000
塩田	桜花	105-4731	090-6721-9324
小林	聖	906-6412	090-6080-4755
寺井	昭司	639-2685	090-1619-3560
本田	宣彦	520-6146	080-8755-9029
黒瀬	良彦	515-4557	080-1688-0748
塚田	忠雄	433-8816	080-0786-4827
久野	夢	707-5589	080-1718-3884
迫	駿	531-4410	090-7021-6447
日比野	鉄雄	792-9136	080-8840-2336
八島	寅男	132-6543	080-1270-2163
赤木	由紀	405-4087	080-0051-3498
平	竜夫	941-1124	080-2046-3920
米谷	双葉	916-7062	090-0140-4062
奥山	清助	788-7756	080-9602-3702
柏木	怜奈	822-2973	080-6346-8169
緑川	香菜	862-7140	090-2223-4054
鍋島	浩寿	082-9561	080-7505-2923
熊谷	空	972-6646	090-9209-2140
神林	正春	297-4528	090-7960-0623
新家	正春	231-1198	090-4949-8789
川北	貞	486-3257	090-6536-2386
仲井	利朗	085-6507	090-2651-1018
副島	範久	807-7376	080-9793-8285
吉山	道男	101-2608	090-8748-8000
右田	嘉子	892-3937	090-3550-4645
宮尾	凛	803-2362	080-9126-5405
若林	空	871-9713	090-6125-2855
土肥	昌之	080-4159	080-3458-3104
長嶋	俊哉	226-1124	080-2391-1622
望月	幸也	508-5023	080-0897-7471
小木曽	梨緒	121-7324	080-4833-6885
藤永	希実	015-7752	090-8863-5642
永谷	利佳	345-3953	080-1156-4686
高良	譲	810-6881	090-4886-6862
東谷	柚葉	832-0877	080-7132-8094
大貫	章平	503-0490	090-6470-7881
樋渡	秀加	556-9705	080-5761-8469
大上	優子	522-2446	090-3159-5798
野本	希美	960-4793	080-8269-2292
深田	道男	687-2661	080-6321-1880
有賀	利朗	985-4441	080-0710-8884
小木曽	孝宏	083-6776	090-9334-6150
森島	竜夫	806-9094	090-1987-3655
藤田	祐一郎	137-3004	080-3202-8548
大家	彰英	577-3319	090-6074-2061
浅川	信之	297-9267	080-7325-9692
川野	達徳	371-6176	090-8112-6571
滝川	悠奈	560-0947	080-9086-2853
高桑	年昭	942-8095	090-6456-4138
安達	貢	445-0639	080-7447-4608
伊波	心菜	695-5252	080-8469-7460
成沢	日出夫	081-1710	090-8166-5447
澤田	楓香	439-8180	080-8153-8633
石森	日向子	900-8511	080-6868-2102
古木	龍一	314-2772	090-7381-3548
速水	泰男	797-6797	080-9004-0010
水口	里桜	923-8333	090-8363-3224
戸川	雫	604-3267	080-2825-1133
八田	三夫	885-7588	080-6630-6416
大坪	利佳	169-5410	080-4509-8951
長田	戸敷	921-1334	080-9349-4463
小村	清二	654-2677	090-8332-2883
深見	智恵	423-6717	080-0789-3290
大倉	孝三	366-9907	080-2972-9523
渕上	景子	557-9634	080-9878-8358
安村	純一	238-1262	080-0543-9967
加茂	一華	145-7589	090-9246-3132
脇坂	慶太	148-9048	080-0758-7828
勝山	瑠奈	097-9460	090-8760-4649
赤嶺	珠美	596-2667	080-3360-2268
上原	善太郎	017-2612	080-1861-6582
井川	颯	724-8847	080-3354-3679
丸山	司	122-2334	080-2202-9246
三枝	康之	221-7771	090-1391-0379
東田	静男	366-4817	090-2886-2110
湯沢	寧音	711-6627	080-3401-5398
村越	成美	021-4787	090-0399-6628
船越	徳雄	990-2141	090-6477-0294
柳井	晴花	979-0746	090-6938-1246
岩沢	俊哉	395-6123	080-0945-1479
中川	栄三	552-5338	080-7709-4047
中本	美紅	935-7626	090-7157-0489
新谷	絢子	580-0455	080-2650-3832
江藤	玲菜	565-2239	090-3318-1024
浜中	英子	198-4293	090-8237-0540
南雲	果音	466-8990	080-0286-0811
吉川	明音	047-8716	090-3001-0260
森脇	怜子	633-0041	090-6141-0448
丹下	亮一	516-6059	080-0394-4995
菅沼	佳奈	217-7868	090-5185-0614
鹿野	由利子	333-7509	090-5627-1770
笹山	茂行	136-0402	090-4967-8285
依田	広史	919-6938	090-2390-6836
深澤	慶治	837-8124	090-9583-8207
桝田	輝雄	324-5154	090-1983-6579
高須	嘉子	272-5808	090-9466-0125
梅崎	七美	342-5139	090-4214-2755
堀	遥	403-1918	090-4750-2383
三島	涼太	647-5256	090-4760-0770
亀井	欽也	611-6257	090-9736-7131
土居	康子	253-0704	080-5331-8634
浜谷	伍朗	892-2906	080-0958-9950
河西	里穂	880-5805	090-4628-8372
猪野	由香里	101-6416	080-0909-9340
大河内	時子	431-0528	090-5456-9024
桑山	柚花	412-4060	090-4697-6346
藤谷	桂子	376-2345	090-6036-1573
速水	和佳奈	783-8764	090-7125-7339
河原	基一	292-1841	090-0241-9511
君島	好雄	161-2535	090-7781-0942
新城	琴美	841-4801	090-8708-1313
岩尾	善一	025-8271	080-7879-2165
東田	功	724-3104	080-2337-6385
大倉	善之	131-0292	080-6044-7801
板垣	芳人	804-9693	080-8957-5925
八幡	美沙	073-1886	090-9933-8018
岡田	健太	140-0871	080-5124-1256
石黒	哲郎	827-7710	090-5372-6770
寺尾	百恵	636-1215	080-6365-1380
池谷	貞治	368-8480	080-0980-9079
橋田	金吾	370-3047	090-7995-0870
新川	結子	292-9904	090-2027-8999
市原	伸	820-6778	080-4196-3431
仲田	竹次郎	844-5405	080-2779-1039
大林	真紗子	463-3912	090-7891-6503
阿久津	美智子	239-5609	080-8934-2400
西森	昭吾	994-9341	080-2423-7454
金山	光正	034-4205	090-9060-6903
安原	敏彦	922-9345	090-2005-0202
沢村	光彦	006-7281	080-0775-3590
三国	穰	019-3772	080-5341-6053
新妻	美音	046-7163	080-8405-7536
小谷	駿	691-2173	080-3271-2012
湯田	秀夫	459-5284	080-2837-5948
須山	美樹	378-3136	080-1151-0454
中出	憲一	241-3954	080-2066-1162
一戸	葉月	129-0661	090-4475-1954
羽鳥	空	277-1289	080-9438-2866
衛藤	美央	915-5462	080-3608-9574
安里	冨士子	158-7968	090-4791-5384
竹内	愛香	357-4725	090-5858-6891
四宮	穰	862-2095	080-9328-4334
進藤	玲子	362-0399	080-9401-3185
大久保	和茂	552-3984	080-3328-1159
山森	浩志	913-4000	080-4079-2550
真鍋	莉穂	581-8523	080-9976-1780
陶山	努	753-8981	090-2622-4054
宮前	沙奈	593-5890	080-8257-0061
梅本	長吉	897-6959	080-5691-1014
高城	広史	009-7857	080-0753-6466
岩上	詩	754-5529	090-9748-8410
柿沼	翠	800-3776	090-5819-1467
亀岡	莉紗	295-0787	090-2388-3526
小崎	絵里	090-4165	080-1212-2007
島本	栄次郎	838-7442	090-4520-3339
清家	日菜子	587-4400	090-5762-8389
木戸	和奏	281-3722	090-0823-2541
杉田	暢興	870-9125	090-7626-0010
仁木	昌枝	720-3286	080-3814-0097
藤本	恒男	267-7124	090-6935-7932
大堀	美緒	753-7247	080-0451-3039
岸本	一仁	519-6721	090-6786-0099
齊藤	梓	844-8564	080-9709-8978
及川	富美子	617-3069	080-1327-2899
白水	利吉	503-9809	080-3178-2826
石塚	友美	077-2467	090-4188-9496
郡司	章司	948-8681	080-0524-0050
大河原	裕子	543-4173	080-9233-5614
深川	沙也加	347-9125	090-6861-0333
門脇	創	260-3512	080-8088-3657
島津	静子	570-8483	090-4284-8888
宮沢	愛莉	147-6834	080-5773-0672
大家	義光	297-8519	080-1690-5927
白水	野乃花	682-6859	080-1736-6409
清水	真美	253-5892	080-8142-0884
熊崎	陽奈	739-8827	090-5442-8831
南部	和枝	244-1153	090-6390-2831
梅村	絢	929-6962	080-0988-2220
塩川	洋一郎	651-8951	080-0078-6224
松谷	花穂	827-5481	090-7141-0143
柚木	栄一	263-6605	090-7404-8819
木谷	仁	464-7513	080-4011-8934
川原	璃音	160-2603	090-1217-0126
熊木	範明	599-6298	090-8046-0727
小平	善一	030-0266	090-8420-2561