姓,名,郵便番号,電話番号
室田,好一,786-4591,080-4046-0234
荒巻,真尋,463-9642,080-3419-5923
益田,雪絵,971-0227,080-5102-7786
大和,亜弥,723-2275,080-6659-6992
新宅,真結,680-2900,080-1551-1028
永山,恵子,014-5433,080-3909-6612
磯野,音羽,837-5947,080-4961-7862
町田,椿,323-6461,090-3401-4141
千田,平八郎,282-6319,080-7743-3841
浅岡,圭一,536-3336,080-6368-5546
阪上,晶,078-1363,080-6516-7730
野島,一弘,838-1364,090-7775-0988
角谷,昇一,948-1443,090-5369-2265
長谷川,初音,133-0621,080-1743-3092
三田,陽花,502-3392,090-3354-0622
別府,浩次,056-3589,080-6410-9474
長岡,健二,797-0925,090-0758-3968
羽生,心春,840-8118,080-6461-3131
川尻,裕次郎,033-5002,080-1535-1950
下平,麻理子,728-6643,080-5995-0548
奥村,勝利,277-7858,080-5666-7888
大迫,心春,349-5031,090-0564-8502
安保,妙子,046-7864,090-0958-3021
角谷,徳雄,541-1497,090-9864-8864
石橋,純子,337-2863,090-9595-5671
村木,芽生,427-2713,090-9642-1891
北山,裕信,121-9842,090-4939-0399
藤枝,瑠美,872-7950,080-0166-6530
堀之内,次郎,937-8909,090-5145-1076
岩下,敏郎,807-5286,090-8089-7955
松川,愛良,530-1168,090-1564-2803
長澤,雫,050-9317,090-8605-1118
羽鳥,真奈,730-3419,090-1362-0442
仁科,匠,218-0002,080-2564-3374
小路,瑠菜,107-9331,090-8698-9627
正岡,清香,780-7503,090-2583-6240
小熊,敏明,285-0644,080-5644-8799
城間,紗和,841-4813,090-1851-4778
前野,知美,701-1538,080-7619-7494
竹谷,麻由,275-4208,090-9493-4460
篠崎,華絵,469-3020,080-0918-8235
門馬,長次郎,352-4022,080-0774-9130
川添,芳郎,030-5830,090-2686-4901
山根,敏哉,599-8123,080-2516-2948
岩淵,藤雄,255-7941,080-7545-4969
平塚,竜也,916-3722,090-8387-6840
川名,達雄,527-5680,090-7876-7452
谷,亜弥,226-7510,080-0416-0457
春日,丈人,290-2014,080-6534-1588
木元,菫,587-8545,090-7833-1808
片野,政子,408-3091,090-3604-5564
藤木,留吉,172-3881,080-4603-2587
奈良,昌彦,661-4381,080-1596-3289
内野,雅彦,106-7609,090-2006-6980
前,勝義,155-3009,080-6390-3655
岩渕,恵,528-3975,090-8119-1798
青田,建司,031-1727,080-3367-1738
畑山,杏奈,188-1973,090-4723-7363
泉谷,幸也,706-0364,080-8305-6331
合田,吉夫,944-0675,090-0801-3906
杉江,剛,240-5696,090-8005-8263
西野,華絵,354-5314,080-1338-7654
塩田,奏音,523-2660,090-5700-4778
三木,来未,067-6153,090-9518-3104
安本,柚季,466-3802,080-9787-8001
羽田野,好一,909-6695,080-1767-5257
徳山,大和,711-9316,090-3447-5884
白土,菜帆,369-6678,090-9983-8873
永田,幸也,865-6224,090-0800-4074
西山,松夫,599-1350,090-8758-4424
山脇,和裕,381-2396,080-0150-6937
水上,正利,980-6524,080-1042-4671
津田,昌,328-2278,080-3863-7938
布施,綾香,144-0291,090-3494-2604
神林,優那,927-8658,090-7525-8262
友田,琴美,554-3730,080-3892-6617
大川,涼太,412-8407,090-1749-8518
増本,優那,815-6513,080-0984-8730
梅村,次郎,503-3948,080-1756-1608
今津,雪乃,960-3188,080-2824-0973
仲井,裕二,303-2554,080-0468-4191
鳥越,実可,099-8008,090-4480-5993
辻田,絢乃,860-6487,090-6800-4903
有村,朋美,621-9738,090-9643-3033
及川,敬,705-4976,080-8571-0308
大沼,麻理子,905-2125,080-9058-6215
伊勢,清三郎,528-6232,090-7360-9963
大山,昭次,478-2225,090-9573-4880
上山,武信,402-7737,090-3197-6684
古賀,道夫,774-3296,090-0639-1329
沖野,弘明,708-7047,090-6765-7551
河津,信長,761-5256,080-2017-1749
湯田,英治,052-5337,080-8382-9344
小柳,康子,998-9590,090-2069-1827
関川,百恵,442-8696,080-5529-2592
駒田,瑞樹,370-8103,090-8422-5997
磯貝,環,782-6152,090-9775-2474
長田,真結,497-8566,080-9522-6488
脇本,真結,503-6930,080-5995-1879
土肥,鉄夫,244-0503,090-2658-4414
川瀬,章二,387-6026,080-9456-8662
藤村,幸治,005-4247,080-0854-2487
東谷,政春,713-1189,080-9374-6353
宮脇,堂下,686-0847,090-3455-6100
木暮,勇夫,088-0401,080-8519-6806
喜多,康男,253-4310,090-3696-6138
木幡,好子,197-9484,080-9991-5894
溝口,直治,070-3495,090-8671-1233
安本,量子,658-8142,090-7480-8115
高松,佳奈子,089-1804,090-3420-5388
小崎,武英,328-7020,090-3166-6798
太田,亜抄子,801-1814,090-7769-2713
森田,厚吉,990-8031,080-0871-1187
長谷,欧子,277-5108,080-9177-4708
内村,比呂美,079-0487,080-2640-1306
冨田,綾香,221-3149,090-4362-7086
古山,登美子,205-9898,090-0601-2935
津島,昌之,627-9846,080-6051-7255
有賀,一輝,906-7756,090-1714-0030
山木,理紗,174-7355,080-0301-5800
横山,真琴,776-0435,090-8542-9707
田川,敏明,230-9002,090-3914-2031
西野,雅宣,874-7153,080-6104-7416
神戸,智之,876-0928,080-1098-6329
後藤,暢興,807-1226,080-5171-1514
新,晴奈,932-3883,080-0664-2179
赤嶺,野乃花,530-2096,080-7424-5235
高嶋,静子,718-3657,090-4596-4711
若林,善之,501-5798,090-7347-6483
新宅,清,562-5889,080-5908-5464
中居,俊史,454-1282,090-4131-8958
大庭,優芽,309-0098,090-2876-3026
渋谷,隆三,611-1208,090-8850-4064
三村,年紀,523-1584,080-4481-0673
小牧,哲,847-5816,090-3530-6850
谷,孝行,821-1031,080-0553-3922
石坂,省吾,123-4653,090-3473-5161
諏訪,翔子,722-3380,090-9580-9016
新野,信,586-8396,080-3085-0491
大橋,広史,479-7775,090-8135-1091
向田,貫一,620-3840,090-8920-7559
柳,愛香,350-9540,090-2244-6481
塩谷,由紀子,173-2953,090-7098-5048
笹田,菜摘,246-1653,080-2454-1702
曽根,三枝子,531-9436,090-8121-9284
横田,義行,645-9404,080-3368-0454
井手,理歩,746-4144,090-7246-6273
春田,譲,518-3096,080-6943-1563
迫,静子,935-0934,080-9428-0439
北本,杏奈,942-0408,080-0721-4569
広瀬,公子,463-2437,080-7137-4383
合田,清吉,393-2711,080-2579-3492
川北,信行,677-9956,090-9802-2458
笹田,愛香,396-9062,080-6131-3335
香月,沙良,633-4104,090-6277-2657
冨永,竜三,049-0475,080-0488-1931
川瀬,奈津子,813-7722,080-4067-6369
水口,沙彩,562-4495,090-9684-2898
浜田,智恵,858-0818,080-2444-5510
嶋田,清作,371-0375,080-5515-4430
平沢,豊,255-9208,090-7505-0940
岡崎,直美,404-6458,080-1555-8265
近藤,賢司,456-1170,090-8045-5209
村中,花梨,325-2261,080-9252-9818
辻村,季衣,326-8977,090-2903-7446
長友,志乃,827-5561,080-4533-4827
日置,正俊,743-1904,090-6743-2290
古瀬,晴奈,715-8152,090-3827-6684
大槻,博満,115-5295,080-2744-7606
佐藤,麗華,026-8438,080-6426-1310
丸山,利佳,903-2868,080-4938-8127
椿,孝治,178-5963,090-3240-6658
細見,良雄,612-4034,080-7604-3339
柿本,貴美,751-7434,090-5170-5549
羽賀,琉菜,902-7403,090-6157-4038
本橋,昭二,018-5571,090-5700-1844
志賀,徹子,714-7392,090-1567-6375
滝本,武司,789-6295,080-5585-6909
北尾,野乃花,292-8193,090-5902-2726
柳川,治虫,601-6181,080-7319-3555
栗原,紗耶,445-5280,090-7489-7463
瓜生,麻世,548-2812,080-8232-0143
岡山,麻里子,912-2085,090-4138-0085
伏見,朱音,159-3691,080-9748-9603
亀谷,真人,059-4451,090-9886-1440
米原,覚,321-8080,080-6085-2033
宇佐美,明里,713-3746,090-5666-5087
前川,順一,129-6665,090-8845-1677
秦,瑞希,445-9000,090-1878-8838
奧村,松男,337-0468,090-8289-0164
萩野,沙彩,573-7092,090-3728-8292
丹野,颯,468-9290,080-5796-2954
白浜,絵理,492-5537,080-0593-3117
須貝,静子,287-6538,080-0148-4518
高嶋,好男,567-1763,090-7939-8637
三国,憲司,119-1308,080-5032-7069
片野,百合,062-4618,080-8589-8776
内村,実希子,339-3359,090-4860-4568
日向,秀光,896-5031,080-8023-4678
根岸,正利,551-2047,080-8407-0085
小沼,吉明,885-6890,080-2081-8161
甲斐,晶,244-5057,080-3517-3740
志田,小枝子,705-0177,090-4861-5667
垣内,浩俊,649-2819,090-3046-0832
嵯峨,里奈,921-6922,080-4088-7224
市原,敏幸,753-8865,080-2239-8716
樋渡,竹男,605-5033,090-6861-5530
柳本,章平,639-0464,090-2114-2348
桐生,由菜,068-5366,080-0221-9776
金原,夢,371-9797,090-1238-8422
関戸,文平,449-6002,090-3215-9769
山村,帆乃香,371-7953,090-9437-3707
岩下,裕信,748-9207,080-1893-2177
島津,南,330-7654,080-8889-3108
川上,和明,029-1678,090-2551-6208
中塚,真結,165-6599,090-7107-7009
浦,知里,984-0792,080-9025-1478
寺山,芳美,941-9810,090-5327-1989
奥井,葵依,304-9480,090-2128-0751
柳瀬,賢明,267-2440,090-2918-6025
田嶋,涼香,711-3251,080-2697-4355
吉川,彩芽,891-6934,090-2139-8916
水谷,美也子,209-1624,080-5171-1823
中西,果穂,643-3621,080-3758-4713
楠本,奈緒美,286-8667,090-6459-1511
五十嵐,正巳,923-9532,090-4773-5501
阿部,治,082-4779,080-9005-6092
青柳,和花,259-2970,080-9380-6090
熊沢,広重,985-0503,080-1697-0480
喜多,源治,832-7871,080-1183-7876
板東,真結,826-7971,090-2131-3832
樋渡,清茂,187-5255,080-1656-1137
日高,加奈,189-8390,080-3730-9492
天野,恭之,287-1695,090-5850-0486
竹村,百合,630-0789,090-2711-2411
高崎,直美,742-7880,080-2216-3222
田畑,香帆,602-1602,080-3356-8175
合田,聡美,620-1668,090-6750-0121
安村,春佳,198-3056,090-4823-9174
笹岡,喜久雄,048-9867,080-8761-2844
小池,和子,772-0757,080-2487-7224
平松,未来,188-3085,090-8922-6044
瓜生,林檎,858-3860,090-1088-2374
宮澤,佳子,100-8316,090-9343-1581
井原,真美,068-0739,090-6005-9828
角,琴,279-0721,080-1578-6497
坂本,昭吾,367-0720,080-1325-1587
迫,真央,481-1170,080-3476-9966
小橋,俊雄,273-4633,080-6116-5112
江頭,美央,343-8350,080-4805-8844
山森,裕次郎,464-1954,090-6257-2681
窪田,節男,749-1526,090-6307-0265
木戸,岩夫,336-6351,080-2056-8076
梅津,麻友,692-9272,080-1334-5043
東,堅助,933-9860,080-6623-0646
増井,省三,218-1792,090-5914-1109
宮沢,美智代,455-8524,090-6956-9222
武内,杏奈,736-3996,080-4559-3445
神林,銀蔵,896-0671,090-5325-5399
椎葉,直美,311-8436,080-4970-4129
西本,歩,169-3631,080-5064-8956
西島,広志,758-9895,080-8046-3871
長嶋,貞夫,070-5119,090-0272-4521
森脇,久雄,633-9918,080-1656-3928
小田切,朋香,159-3433,080-5118-9155
河原,吉郎,566-6120,080-3243-2607
兼田,要一,650-9461,080-1612-9992
上林,徳康,090-6494,080-7528-2951
泉谷,俊文,919-9536,090-0232-7542
藤永,椿,334-3206,090-4707-3488
永沢,明雄,269-1865,090-8511-9969
倉本,由紀子,373-2916,080-2396-2282
古谷,安,773-3056,080-1696-1914
河田,日菜子,704-1466,080-0743-7853
水島,宏美,270-5587,090-8393-7923
若狭,瑠菜,145-7198,080-3863-1128
相良,洋,855-4542,090-2759-3019
村田,光,597-2208,080-2050-4449
益田,俊夫,975-6194,080-4959-8369
田頭,定男,569-5374,090-5184-9271
磯貝,敏男,502-9048,090-5829-1889
北林,聖,095-5130,080-4515-8742
兵頭,隆二,695-7346,080-4522-1096
渋谷,三雄,771-2975,090-7932-8226
比嘉,大輔,557-6561,080-0515-9653
中岡,唯衣,863-0420,090-8366-4464
佐川,勝巳,793-7124,080-3904-8947
川瀬,幸一,991-1631,090-7788-8418
荒木,花音,737-8824,090-8871-2650
江田,花恋,439-7727,080-9445-6296
大前,丈人,207-4511,090-9931-6644
会田,雅美,931-7114,080-8159-8738
杉野,由里子,380-6430,090-8257-5885
大黒,武治,957-5846,090-1741-7596
楠本,和子,639-1942,080-3065-3879
成沢,稟,289-7050,080-1050-8765
長屋,美里,044-0317,090-7822-6053
一瀬,一雄,733-5189,080-0629-7610
木原,俊行,309-3938,080-6856-9165
岩崎,保生,306-5578,080-8531-8475
佐瀬,幸次,646-2552,090-8040-1126
兵藤,一弘,234-6108,080-1525-9155
八島,和明,925-7905,090-0283-4278
角田,文乃,140-2242,090-1603-3611
柳瀬,葉菜,672-6713,080-4780-4338
飯田,伸浩,926-7777,090-7599-3249
冨永,正利,403-3602,080-7958-0827
植村,涼太,330-6065,080-9649-3475
水沢,博道,598-3599,090-6272-4219
三橋,麗子,832-4159,090-6867-3412
南野,彩華,826-4351,090-6590-3224
四宮,華蓮,275-3446,080-4115-1715
向田,祥子,979-8487,080-3127-2048
菅谷,康正,843-9416,080-8243-6241
小西,百華,132-8851,080-1302-5018
小口,有正,956-7838,080-8687-3924
桐生,愛実,610-1346,090-6988-9348
矢内,日菜乃,079-9746,080-3195-9155
大沢,政子,401-5097,080-1202-3977
長田,柚月,667-0562,080-7873-1590
長田,英治,914-2685,080-8652-1609
松浦,紫音,300-4521,080-4223-3660
坪田,広明,775-4865,090-2482-3379
横山,陽菜子,901-8420,080-7745-3582
玉城,真桜,794-5050,090-0714-2278
亀岡,瑠奈,244-3914,080-6899-4734
大林,紗和,618-1773,090-6498-9002
小河,千明,589-8716,090-4001-5356
秦,結奈,328-0963,080-3260-7824
宇田川,高志,788-1913,080-1282-6901
笹井,涼,047-0019,080-2715-7431
高梨,幸平,821-3548,080-5027-4072
三橋,幸也,754-7098,080-4098-8477
細井,未来,999-3557,090-3971-5177
新野,沙菜,788-4792,080-4073-5398
橋口,誠一郎,113-8908,090-9711-0138
矢崎,美鈴,515-3294,080-1585-0277
金山,憲治,501-4879,080-7564-7200
堀川,泰三,685-6978,080-4800-7869
北田,章平,879-0560,090-3755-8128
会田,育男,985-8209,090-3004-0536
市川,円香,517-6223,090-6140-6297
田渕,君子,387-8256,080-2037-3419
坂,悦太郎,888-8299,080-6755-9241
青井,珠美,639-6404,090-1920-0731
橋口,文香,415-3460,080-4252-7597
奥本,初太郎,180-4963,080-2166-5268
菅井,奈保美,157-6891,080-0174-1945
稲村,小枝子,195-7848,080-4616-3358
丸谷,晴花,462-7403,080-0796-5635
柴田,公一,335-3792,090-5941-9271
細井,真菜,630-8785,080-4461-5170
宮地,円香,135-4209,080-6280-6567
林田,琉那,533-0170,090-7558-0878
駒井,正義,727-0933,090-9395-2902
田部井,清吾,827-9628,090-0401-7516
平原,香苗,948-1502,090-7274-7266
松本,紗菜,536-5856,080-7967-2103
設楽,信二,602-7164,090-7874-9859
坂上,長吉,607-9260,080-3271-3769
亀山,玲子,657-0945,080-1734-7644
相川,英俊,676-2499,090-1213-2961
小山内,清司,740-6345,080-2163-3620
深見,定男,567-5168,090-0930-7559
早坂,正俊,013-9000,080-5528-6636
永田,洋一郎,175-5896,080-6905-3572
田沼,好雄,743-8916,080-7364-9700
対馬,千晶,860-6192,090-2700-5003
新宅,育男,143-3029,080-0216-9109
重松,清志,538-7446,080-3237-3952
氏家,雅彦,043-0375,080-7150-0605
田岡,豊,371-8134,080-4649-1388
三橋,真尋,530-7359,090-0383-7704
津田,重信,650-7234,090-9187-2918
吉永,奈保美,558-7959,080-7712-8329
城戸,詩音,660-0648,080-8867-6308
小路,柚,531-1851,090-5433-1040
大須賀,康弘,770-0683,080-5194-1546
米谷,大輔,702-3796,080-9745-3320
寺川,昭一,796-0234,090-7552-1854
古澤,雄二,238-1515,080-7925-1196
金川,道子,865-1014,090-6745-8422
久我,瑠衣,654-2858,080-5201-9378
豊島,沙希,698-2861,090-8034-5228
八幡,雅夫,012-0480,080-8592-8751
谷野,和雄,821-2719,080-8571-4687
小路,直也,401-5372,090-6954-1483
唐沢,日奈,329-8590,080-1027-4038
小宮,季衣,901-6896,090-0985-5445
柏原,政男,704-7993,080-4658-1159
引地,沙也香,860-3608,090-0810-8060
末次,重夫,227-9651,090-8519-7592
加賀谷,力男,277-0215,080-2866-8332
重松,喜代子,525-3610,080-6121-1463
今泉,寿,355-0497,080-3200-7707
前沢,江介,014-3637,090-6716-8108
宮井,祐子,814-5608,090-6666-0378
狩野,智之,874-9557,090-2904-1148
細谷,麗子,616-5447,090-5048-6938
大泉,啓介,229-8593,090-8967-6850
石岡,明里,449-7568,080-4384-2685
小澤,三雄,750-8218,080-4482-7671
正岡,久子,233-5672,090-2659-3985
新藤,彩香,725-4873,090-6929-1796
迫,長太郎,268-2749,080-0316-8266
飯尾,由太郎,916-3118,090-4682-6398
知念,璃音,459-8194,080-4513-6219
柳澤,隆志,609-7255,090-8889-9208
湯川,正則,790-3864,090-3719-0105
白坂,覚,866-2941,080-1650-9766
寺村,竜也,136-1418,090-0894-5162
小寺,綾花,859-3643,080-2132-0151
岩城,斎,861-0290,090-6610-1182
白浜,真人,533-5044,080-6492-4952
島野,通夫,573-6508,090-2024-7558
森,涼花,095-2591,080-6874-5573
和泉,静雄,909-2419,090-3358-6662
大和,江民,957-9615,090-5641-6678
新川,琉那,795-2662,080-9545-3032
越智,洋司,681-7361,080-7102-3706
笹原,栄次郎,830-4782,080-2520-0473
田淵,実可,705-8971,090-6844-1837
秋山,洋,486-7983,090-0169-0009
大和,富士夫,454-4428,090-4796-3142
佐瀬,清一,486-5468,090-8870-1660
白井,灯,333-7450,080-8687-3066
土谷,清作,362-3980,080-2559-7402
白田,章治郎,523-8853,080-6538-8543
井出,由衣,327-1321,090-1778-5785
赤星,遥香,802-2768,080-4114-7567
谷内,吉之助,588-2681,080-3869-4237
別所,朋子,890-1467,080-2092-5233
塙,由真,320-5548,090-5733-3204
郡司,百合,464-1555,090-0794-6846
大村,清香,265-9573,080-6054-8507
稲田,紀男,713-0745,080-1176-4253
古田,一司,861-5351,090-2968-4397
長田,与三郎,045-6868,080-5002-5126
羽生,雄一,563-6529,080-5278-4957
下地,璃音,484-7490,090-2562-7153
諸橋,真理,923-4746,080-3274-1923
岡本,莉奈,470-5389,080-1327-9166
三谷,正利,752-6698,090-9371-1272
井藤,貞二,483-5780,080-2597-2902
一戸,咲奈,204-0757,080-2054-4661
畑中,孝三,145-8332,090-0475-7710
浅田,育男,016-1173,090-6759-6027
森井,幸作,111-6710,090-5364-0069
平尾,胡桃,520-2576,090-3381-7614
新家,孝三,978-6111,080-8762-9242
石塚,秀実,705-6664,090-6484-1548
中塚,芳男,845-8379,080-4533-5020
黒崎,頼子,239-3797,080-7406-2506
井野,信行,481-2453,090-6730-1022
岡部,真美,094-4301,080-3326-8363
遊佐,里紗,532-0320,080-9016-1393
杉谷,敦盛,651-9750,090-1041-7044
坂巻,一弘,492-1142,080-2993-6720
篠塚,順一,767-8858,090-2355-1837
中野,耕平,521-8872,090-0230-0514
鵜飼,真結,683-8190,080-6177-9797
青井,猛,435-1068,090-1673-7843
辻野,栄伸,588-1403,080-1528-8623
鷲見,麻子,185-8338,080-5778-1961
小関,千佐子,036-0029,090-0496-9144
大平,謙一,262-6687,090-3731-9389
石山,理子,013-3749,090-9093-0533
古畑,次男,714-5101,080-2537-7549
深津,心菜,189-2547,080-7659-9580
柴山,美姫,507-9220,090-8297-6483
小室,幸作,754-5446,080-9090-3371
堀尾,正巳,500-5474,090-3688-0529
綿貫,善一,983-5714,080-0702-4797
新妻,範久,350-2423,090-8793-5996
結城,治之,330-8907,090-1897-1146
葛西,歩美,709-0854,090-8844-8018
新美,弥生,456-9194,080-9053-3279
福嶋,奈穂,055-7717,080-9661-1316
波多野,豊樹,557-0133,090-2348-0023
谷田,南,689-4931,080-2347-9694
今岡,裕美子,775-6331,090-1907-9335
矢作,隆文,543-2384,090-2681-7215
桐生,奈緒,507-6130,080-3384-5305
高田,貞次,729-1319,080-4873-7132
吉野,七郎,007-7336,090-2400-5403
大沼,莉緒,016-3791,080-2231-8609
楠本,竜也,363-8796,090-6128-9228
北条,未来,727-0705,080-5486-4405
磯村,春奈,486-2274,080-5934-1461
深見,花凛,150-3181,080-6736-0788
古本,恒雄,657-9114,080-7969-8210
金川,藤子,618-0946,090-2833-4185
福山,敏男,071-1346,090-9994-2841
鳴海,裕美子,083-9430,090-2234-1800
田内,優空,632-6489,080-5450-1932
中江,節男,172-9153,090-5627-2150
楠本,知治,460-5767,090-9519-3858
長,葉菜,151-8937,090-1523-2590
宮口,善成,890-2796,080-7193-2759
亀井,紀幸,436-8556,090-8263-0196
斎藤,俊夫,697-4263,080-2298-4110
谷山,千明,873-6434,090-9020-2652
宮原,有希,174-7199,090-1739-8765
加賀,克美,445-2093,090-4173-7281
中道,明音,381-1732,080-7125-4154
石本,晴奈,993-9787,080-2231-8248
茅野,紬,624-2826,080-8951-9720
上田,藤雄,890-9891,090-4921-8238
山際,茂雄,436-3253,090-5187-3397
野澤,七菜,029-9607,090-4147-1090
佐々木,沙耶香,328-1096,090-8131-1558
板井,琴乃,211-6375,080-0960-7682
越智,文香,788-1108,090-4274-1367
正田,孝通,237-8611,090-0287-0012
越川,陽菜子,418-3122,080-4972-2087
寺岡,聡美,193-8714,080-3578-1681
平石,有紗,561-0105,080-9738-5320
今津,政人,855-6490,080-6739-9281
檜山,信義,920-0066,080-4780-3121
福岡,茉央,645-8632,090-3733-0255
安倍,三喜,570-4745,080-8780-2110
大道,真哉,642-0795,090-9931-0861
高城,芳郎,157-3263,080-2113-9124
八幡,亜紀,747-8095,090-0771-6819
泉,祐司,058-6645,080-1859-2045
浜谷,文隆,838-8112,080-9789-6026
山岡,邦仁,288-9076,090-5667-7559
児玉,美海,374-0432,090-5672-2217
柳井,恒男,027-4460,090-9008-2467
大堀,桜,487-4419,080-7615-5614
阪上,照美,086-9921,080-7788-0333
藤巻,梨緒,894-4859,080-9333-3076
岩崎,日奈,312-7354,080-7713-2572
安倍,啓一,102-4073,090-6537-8141
篠塚,要一,449-5183,090-5444-8121
池上,義夫,346-1635,090-2906-5518
金崎,久美,142-3344,080-7342-5678
朝比奈,瑞希,073-7225,090-9083-0959
桝田,怜奈,004-9717,080-5252-0066
四宮,省三,342-9637,080-2109-7602
坂元,香奈子,248-5196,090-0408-0107
竹島,優美,970-5106,080-8551-3022
栗田,穂花,743-3428,080-6140-8772
水本,正利,507-8883,080-5124-1408
平良,貞次,081-8759,090-9652-1451
河井,翔平,041-4049,080-9916-7777
荒井,安奈,459-4603,090-0256-4898
金,智恵理,209-7681,090-8078-2793
香月,葉菜,152-5051,090-3537-8581
高杉,時夫,891-7310,080-4331-7532
中居,雅雄,774-9135,080-5074-1185
明石,雅之,035-6777,090-3936-4153
中島,美結,588-5838,090-4864-9118
金川,淳三,792-4395,090-0172-3081
泉谷,乃愛,052-5410,080-7769-4902
河津,季衣,492-3542,080-8095-0722
横内,歩美,249-4803,080-7388-3842
野澤,鉄夫,932-5635,080-2909-3308
丹下,長太郎,111-4372,080-9675-6840
畑山,遥奈,658-6865,080-0374-2502
江原,昭次,095-0390,080-3900-3818
秋田,美玖,046-1254,080-9391-5816
幸田,良子,856-7794,090-6883-6830
星,武彦,766-9840,080-7582-9870
丸尾,日菜乃,637-9609,080-2148-7817
冨田,和,295-1366,090-0558-7321
大堀,靖子,082-7726,080-4393-8758
仁科,嘉子,988-2093,090-3087-1789
鷲尾,典子,875-1289,090-6700-9517
長谷,広志,568-5595,080-4060-3151
能登,陽菜,927-4417,080-9345-0165
上坂,昌枝,826-4695,090-6963-6036
山村,莉緒,177-1090,090-5741-6047
百瀬,三雄,272-6101,090-7979-9745
高岡,桜,246-3906,080-5407-7545
内藤,光雄,881-9438,080-4526-8550
白浜,麻紀,848-5523,090-1384-5208
藤野,凛華,795-8657,090-8005-2793
多田,遥花,093-0992,080-4452-1163
梅村,瑞穂,137-8528,080-6675-9112
成沢,賢明,526-1901,090-7437-5769
河井,常男,871-9980,080-4069-5138
三国,羽奈,293-2235,090-2169-3043
細見,毅雄,086-2796,080-5001-8894
千野,徳三郎,862-3679,090-9817-8175
白坂,松雄,449-4151,090-8029-8743
越田,豊,466-7586,080-9793-1251
三角,翔,433-6127,090-2094-0939
寺田,憲司,369-4199,090-8400-3315
萩野,千春,720-2334,090-6129-2533
脇坂,正二,937-6248,080-3159-0875
北岡,紫音,536-0498,080-1476-4044
岩谷,真尋,342-1629,080-1059-0280
金光,昇一,176-9845,080-2455-6931
船橋,清一,501-5694,090-7085-9508
葛西,達也,151-7050,080-5348-0038
土谷,和枝,937-1932,090-4735-3315
大原,春男,274-2390,080-6671-9047
西垣,有紀,453-7261,080-4311-8322
三宅,亮,869-4973,090-2299-3393
梅原,千夏,095-8155,090-8824-6418
北井,三枝子,021-3464,090-7922-5618
中根,陸,815-6929,080-6584-5490
荒木,亘,016-5969,090-9612-7519
牛島,胡桃,764-9560,090-3007-2445
日向,美帆,818-8192,090-7913-3906
金城,悦代,945-2615,080-5383-3413
竹之内,正紀,211-9406,080-0092-2564
新野,翔平,807-4514,080-7279-9999
石橋,天音,450-5682,080-3470-5811
新城,幸恵,012-1204,090-7478-7744
真壁,和佳奈,203-4930,090-4532-9929
八代,実可,873-9184,080-2132-9967
津村,美怜,721-5023,080-9292-8490
原口,安子,027-3300,080-1121-8354
中山,俊史,897-2847,090-9925-7737
出口,帆花,082-4424,090-2513-9352
池上,梨子,277-3107,080-2831-7742
太田,晃子,009-6235,080-4433-7060
伊達,喜一郎,667-2925,090-8102-1381
高城,善四郎,031-7235,080-8162-7709
長嶺,清美,215-6768,080-9561-5487
板谷,樹,371-0338,090-0551-0215
大杉,雅,124-8770,090-2451-2996
本橋,康生,531-3735,090-2243-5481
坂東,静香,512-0564,090-5991-2966
大下,舞子,464-4134,080-6218-6363
北原,幹男,430-5673,080-2117-5543
久我,華絵,693-2268,080-2568-8993
大畠,羽奈,957-4779,090-8535-4011
角,百合,462-6329,080-2646-0401
藤岡,信行,933-1819,090-2750-8034
及川,柚花,334-2738,090-9834-5523
日向,珠美,095-7010,080-5713-6991
芦沢,仁明,425-3066,080-1117-7027
小貫,富美子,573-7202,080-8340-1617
寺本,紗和,483-7794,090-8710-3472
安野,南,833-5872,090-4778-4274
三木,正徳,138-6002,080-3484-8084
清家,葵依,480-1886,090-7033-4638
山本,一平,825-5995,090-7618-3873
千田,朗,059-7722,080-2924-6761
水越,昌彦,329-1508,080-1180-9181
竹林,恒夫,864-8634,090-5195-6246
大垣,隆三,937-1003,090-8163-6854
寺本,美菜,737-0415,080-0848-7939
瓜生,博之,164-5264,080-4397-6305
堀越,裕美子,400-1222,080-0146-0719
及川,敏宏,267-2179,090-0893-3977
姫野,宏之,655-1816,090-7128-1550
柳生,貴子,347-7990,080-1830-9047
押田,和男,650-4889,090-4178-9409
米川,美佳,268-1479,080-0569-7368
高柳,二郎,018-6564,080-3279-5819
鹿島,茂志,100-7753,090-6065-9414
甲田,銀蔵,307-6031,090-1588-4536
山形,拓海,566-6824,080-8576-4328
須賀,志保,371-1272,090-9581-6765
手嶋,奈緒子,415-2470,090-6925-1037
杉本,真希,148-0979,080-4298-4623
木元,聖,700-9705,090-8471-9975
仲,果凛,310-4993,080-2681-0677
和田,庄一,810-8684,080-7455-1601
矢吹,美由紀,569-0014,080-7320-7101
石村,昇一,318-2038,080-8519-4291
越川,琴子,076-5011,090-8481-1710
小崎,豊,071-5095,090-8975-5105
川口,敏伸,294-8542,080-5533-8286
津野,功一,026-1301,090-0193-7954
佐久間,照,093-2855,080-1904-2587
板谷,健太,715-7437,080-3107-5716
生田,百合,108-5959,090-5815-5892
桑原,喜三郎,418-4307,080-0322-7380
竹森,勝哉,502-1392,080-6423-5965
馬渕,花楓,344-6697,090-4202-4365
平岡,茂志,090-2848,080-5509-2578
大林,昌也,329-4961,080-3171-5760
中村,寛治,503-9167,090-7830-4047
南雲,圭一,174-5892,090-1324-5795
熊崎,弥太郎,943-9469,080-6334-8832
川名,知世,751-9094,080-8079-6163
岡本,敏夫,850-3510,090-1851-8491
今枝,真奈,156-7359,090-3423-7093
崎山,明子,404-3880,090-7114-9583
押田,昌男,991-9895,080-5223-9674
今津,義治,863-5137,090-8029-1578
柚木,正子,023-9718,090-6875-2894
古谷,正道,665-3895,090-6365-6217
森沢,昭吉,585-5341,080-2940-1576
横田,愛佳,073-9428,080-8395-7615
山中,勝彦,022-8731,080-4057-9350
沢口,君子,409-0153,080-9060-4123
北野,篤彦,001-6424,080-3835-9703
宮口,絵理,082-7014,080-3430-4684
朝比奈,和臣,243-0629,090-4670-9901
柴原,博昭,685-2678,080-5660-5562
小堀,武司,276-2335,090-2944-8120
伊藤,千晴,157-5485,090-4017-8503
葛西,芳美,878-2847,080-7701-6973
兵頭,利勝,794-4685,080-4159-7351
小杉,幸四郎,915-1135,080-4148-8983
小松,博嗣,849-6399,080-6365-3969
中,美愛,184-5094,090-6602-2430
大場,博之,118-0425,090-4050-3116
安保,理歩,189-7699,090-8253-2410
益子,静子,354-0097,090-7369-3417
平林,長吉,401-3504,080-9913-0463
須藤,華乃,956-2444,080-9625-7342
坂東,康朗,835-2833,090-4179-0163
菊田,孝治,789-9695,080-0398-2499
川辺,愛,475-7324,090-3479-7869
谷野,鉄夫,602-6011,090-6317-7437
柳生,福太郎,540-0467,090-9421-5235
高沢,武彦,602-2870,090-9137-7103
谷,俊幸,596-7405,080-3934-2934
谷野,和花,639-3468,090-2493-3367
染谷,音羽,584-4027,080-1550-4670
椎名,哲郎,326-9006,090-6802-7848
成瀬,芳明,257-5267,080-1935-3230
梅村,一郎,378-9855,080-6417-7608
菅原,昭吾,724-4543,090-3485-9934
勝又,健治,220-2220,080-8527-1676
陶山,保夫,947-5884,080-1836-0461
飯田,真衣,113-5714,080-5279-3109
藤本,和裕,297-7605,090-5789-3757
手塚,美怜,920-1779,080-9911-4257
赤井,章,970-3331,090-6278-9274
大家,竜也,658-1118,080-5082-1496
峰,真弓,545-6555,080-3887-7267
片平,仁美,650-8369,080-8261-2348
武内,栄三郎,011-4647,090-8098-6414
織田,武雄,840-1259,090-5905-4121
風間,恵一,142-8958,080-0160-7256
上野,桜子,033-0583,080-8224-9060
新保,岩男,797-4516,090-7117-4471
上原,洋一,490-7889,090-0121-9598
小岩,夕菜,358-2378,090-1293-7090
前野,友香,987-7701,080-0119-4372
前沢,愛美,203-0164,080-7353-7756
加藤,理,289-0779,090-5356-4131
高井,日菜乃,060-2836,080-0914-4096
田川,亨治,068-1399,090-6600-7557
富沢,怜奈,194-4063,080-0176-7175
古谷,杏子,508-7280,090-5217-5775
片岡,信吉,985-4466,090-9084-2174
椎名,金吾,417-8333,080-6613-2341
成沢,春子,961-5255,090-4108-5506
菱沼,椿,688-7539,090-8051-3458
河島,華凛,575-3617,080-3086-7168
関根,彩華,299-6806,080-3363-0130
正田,遼,477-3252,080-8924-2954
藤井,昭吾,743-4176,090-2655-8834
阿南,安子,561-9196,090-0927-9380
藤崎,定夫,047-0969,090-2155-0665
岩橋,小枝子,602-0769,090-3413-3461
長谷,和,039-7042,080-5756-1070
諏訪,英一,599-0318,080-0995-1918
河田,哲美,157-0512,080-7859-5921
武村,直行,177-5689,080-9445-7575
那須,賢三,630-8572,090-2768-1271
大和,里緒,822-6904,080-2174-4352
関野,円,939-0239,080-5581-6101
小田切,信夫,342-4441,090-8938-0786
木田,梨緒,766-5355,080-3335-2871
保坂,清助,349-7345,080-0367-5617
新野,祐一,287-9698,090-2383-5640
飯塚,龍平,092-8324,080-7754-9729
今,空,572-0083,090-1559-9964
高崎,理,918-2549,080-4196-9940
岩淵,貴子,433-0600,080-5084-6002
清田,沙也佳,411-3194,080-0105-5193
羽田野,春花,135-2022,090-4866-8406
土肥,定吉,271-9524,080-1887-4980
駒田,亜弥,743-8597,090-4148-7864
道下,亨治,917-1433,090-4633-6876
玉木,美智代,437-1446,090-2587-2091
新田,舞花,772-0322,090-3292-5643
巽,好子,052-7298,090-0118-1869
垣内,洋一郎,392-5039,080-3684-7830
肥後,治之,042-6213,090-5769-0315
川村,明美,891-6435,080-6825-8576
清原,知佳,479-0427,090-2057-3672
秋田,瑞希,846-8049,080-7238-2158
江田,雅夫,016-0133,080-1916-0164
篠塚,純,724-9686,080-4041-5181
本多,早百合,430-0251,080-7078-8312
平尾,久雄,235-4661,080-6232-6659
保坂,奏音,041-9779,080-2053-1776
北本,早希,455-3742,090-0300-4715
進藤,英司,599-7355,090-8381-3096
片平,公男,061-4351,080-0354-0893
平林,楓花,543-4516,090-4978-3188
高村,由夫,014-2960,090-9919-8151
森元,杏里,452-5730,080-6921-6487
鳥羽,多紀,534-2273,090-8299-4896
阿部,賢三,153-9936,090-2820-1582
深見,明菜,063-2606,090-5310-5767
沖,彩加,897-0728,080-3389-5968
秋元,千絵,215-8383,080-9513-3222
西村,義行,645-7404,080-6404-6569
湯沢,義行,022-7167,090-3226-7832
幸田,香凛,534-4811,090-7873-0444
竹之内,智之,948-9514,090-9981-4059
青山,環,279-1452,080-8673-9312
長尾,理緒,335-1599,080-9667-8668
三戸,利佳,480-0604,090-6275-7587
植村,好子,934-9862,090-4286-0981
松村,勝也,627-0666,080-3008-6564
荒井,輝雄,943-7875,090-6096-6093
庄子,雅美,886-9752,090-5937-8528
大迫,武志,652-2236,090-9850-5281
出口,麻緒,948-0404,080-4718-6326
矢田,博史,159-6440,080-9418-0490
多賀,松夫,773-1898,090-5983-0807
白坂,博一,427-8306,080-5486-7528
橋爪,繁夫,926-3740,080-8047-5996
小畑,美涼,360-0865,080-6774-6431
下平,裕信,793-0189,080-6695-9619
我妻,麗華,206-0713,090-1253-3841
橘,貴美,337-6874,090-8233-9603
松本,弓月,686-2134,080-9324-5206
大家,尚司,591-4308,090-0700-7003
真島,香苗,060-6472,080-6881-5940
江田,雪絵,042-7906,080-1073-3748
福嶋,竜太,196-3617,090-7854-4703
井川,聖,488-4394,090-7578-4839
赤堀,文平,645-7021,090-2495-0819
新保,孝,776-3675,080-8411-1484
大嶋,英二,734-5695,080-2660-7613
中本,来未,211-0399,080-8780-3140
松島,樹里,313-7619,090-4112-9095
若月,莉紗,308-3892,090-8715-9604
新,千尋,255-6480,090-2545-5554
中崎,香奈子,345-3042,080-6591-1600
楠田,麻奈,317-5181,080-5876-6790
鳥越,正道,324-1389,090-9586-8148
泉田,清人,046-7324,080-6809-7100
武市,里香,475-9160,090-4884-5007
袴田,政治,434-5535,080-8275-8843
土岐,米子,973-9018,090-3701-2159
多賀,達志,350-4209,080-3595-7194
渡部,慶治,778-2597,080-6253-0724
楠田,貴子,757-8885,080-0952-0089
相沢,光雄,999-4941,090-9381-1279
東田,琉那,382-3563,080-1528-2143
木本,清吾,514-4905,080-2556-8625
石渡,和利,690-6060,090-6356-0403
河崎,初音,515-3168,080-5745-2170
木本,夏音,367-8171,090-4480-8877
北口,滉二,298-5665,080-1959-1026
村中,正義,549-8657,090-4405-3956
古家,喜晴,835-1752,090-1818-7208
兵頭,和明,373-8046,090-3733-7195
岩沢,和代,819-2013,080-7259-2863
江上,芽衣,496-7359,080-8324-6107
米村,初音,541-4247,090-6091-9815
高尾,花蓮,352-5272,080-0778-0905
稲葉,章,623-2535,090-0294-7947
鬼頭,孝志,168-8874,080-9990-0312
金川,政子,463-2000,080-6062-4963
小竹,良子,808-6605,090-7872-7000
衛藤,仁一,194-0081,080-0589-8829
古野,久道,397-2701,080-2929-7698
大城,邦仁,012-2191,080-4332-0332
小菅,由里子,812-4996,080-3478-6649
大垣,涼香,391-9300,080-4079-3329
八田,栄三郎,583-2125,090-1081-0634
石橋,真司,060-8058,090-8637-5454
大黒,勝三,542-5376,080-4016-1802
唐沢,綾花,962-6538,080-2763-0077
東谷,悠花,314-5960,090-1067-1825
吉武,奈月,259-9102,080-3081-7320
福崎,百合,736-2406,090-4749-3881
桐原,孝志,704-4115,090-5512-2262
合田,政男,567-2523,090-0974-1937
臼井,彩華,079-4045,090-4483-7510
立川,幸三,417-9681,090-9929-2220
小高,昌一郎,024-7605,090-2174-8303
新山,和男,036-6237,080-9135-5338
秋元,絵美,658-4084,090-5355-7716
福井,久美子,925-9110,090-5865-7366
多田,達郎,447-0819,080-3672-7897
大竹,詩,473-6262,090-9853-2825
新保,百花,586-3671,090-2562-7493
石渡,裕平,447-1131,090-3084-3610
柳谷,諭,941-6547,090-6445-9119
山﨑,治夫,180-2212,080-8966-4059
杉浦,章司,093-8823,080-4777-5106
麻生,竹志,657-1037,090-8146-8800
芹沢,泰弘,426-2564,080-1992-2526
竹井,恵,434-2881,090-2392-8264
服部,昌男,852-3921,080-2797-5562
宇都,喜代,426-6209,080-3110-8936
小木曽,真理,399-9560,090-0229-4258
磯田,年紀,045-5248,090-9693-1604
榎,義雄,272-8640,090-0755-0990
広野,博,843-1435,090-9105-7551
小黒,千晶,816-6073,090-0745-8928
平塚,莉奈,818-0029,080-9542-4796
阿部,璃奈,608-5931,090-2624-8489
秋元,良吉,127-7206,080-0550-6112
右田,葉奈,066-9961,090-5620-6264
船越,麗華,061-1239,080-8217-9216
麻生,昭男,549-4164,090-3649-7011
村上,菜那,901-4263,090-7264-4604
海老原,雅美,592-2457,090-1101-4757
宮部,博文,741-4565,090-0868-1477
金崎,武治,054-4875,080-1560-8889
南,利男,466-8696,080-7069-9018
池野,綾華,087-5751,080-2758-8436
手島,保生,728-0959,090-3458-3446
荻野,耕筰,356-3114,090-9004-9053
関,陽和,357-8903,080-1856-2574
増井,留吉,787-8042,090-5859-0111
右田,達也,358-2970,080-4589-0191
角谷,英明,493-4355,090-5719-6985
谷沢,志乃,784-8648,080-4125-0425
藤代,仁美,072-8996,090-4618-1152
三谷,由夫,951-6692,090-8171-2592
滝川,孝志,832-6344,090-3972-2549
小早川,一葉,718-6115,080-7826-3910
峰,竹男,581-9922,080-2857-5333
東,結衣,428-2428,080-2363-9627
柚木,義則,105-2354,080-8013-9195
米田,美也子,248-8720,080-8649-0849
富田,昭,388-3184,080-3375-3095
小澤,文夫,467-9300,090-4223-7197
土岐,謙多郎,711-9858,090-7469-4065
金川,正治,334-1763,090-9682-4787
緑川,典子,568-4182,090-1617-7827
大上,真結,232-9955,090-0655-3359
大河内,勝哉,015-1414,090-5205-0264
伊藤,愛,086-8909,080-3335-4760
浜崎,美樹,567-3155,090-0963-1671
小関,由姫,809-5471,090-4958-7782
武石,純一,303-8507,090-0874-4113
森岡,成美,162-1043,080-3250-4998
高木,幸雄,689-0291,090-3782-9598
柳井,杏,813-2253,090-6374-5818
森元,元,572-1113,080-8810-4846
白沢,真弓,943-8535,080-1087-2036
小久保,利津子,657-8877,080-0751-6738
砂川,広重,514-2378,090-3529-3902
米山,幸三,467-8419,090-9603-5376
志水,克己,469-3548,090-8303-8011
柚木,啓吾,243-3410,080-6562-9943
安本,真優,098-8702,090-7927-9263
小川,美幸,325-9513,080-8781-4585
川村,利恵,008-0461,080-3568-1297
小竹,昌男,278-7625,080-3230-4188
若狭,晶,832-4932,080-2320-8538
羽鳥,康男,171-2600,080-5501-1141
城戸,正孝,517-9543,080-9305-1174
唐沢,弘恭,640-1407,080-8645-6063
小柴,丈人,415-1034,080-3021-3409
片岡,貴士,567-2344,090-4977-1444
相沢,幹雄,565-0115,080-5892-5227
遠山,彩花,725-3952,090-9853-3927
江田,絵理,419-6627,090-9105-1599
犬飼,香帆,365-3836,080-1675-1240
吉永,和佳奈,097-8729,080-8174-0102
日置,武一,763-1331,080-2797-6054
葛西,唯衣,729-2202,090-6762-7134
東,千晴,220-7090,090-4976-8411
柏木,浩子,282-4325,090-4253-3977
永井,昌利,761-9148,090-4627-1692
松野,小枝子,910-5482,080-1482-9790
中津,希望,824-9166,090-5686-2972
神野,由香里,905-8189,080-0617-3056
泉谷,照美,908-6401,080-0840-2246
碓井,香穂,554-0685,080-2337-5211
相良,育男,636-8699,080-5300-1300
仁科,恭子,025-0266,080-7813-2678
奧村,美樹,669-7358,090-4333-1662
内田,杏子,290-8600,090-0767-9222
小口,恒雄,779-4657,090-4001-0296
平野,直美,264-6694,080-5337-7985
金城,愛菜,525-4601,080-0776-7482
川本,照,539-8882,090-9139-7001
石垣,進一,446-7758,080-5364-4306
前,明,257-3229,080-9382-2611
溝口,好一,895-1506,090-4851-9534
湯田,裕久,353-5663,090-7519-3641
生駒,栄美,393-5761,080-3381-5537
重田,武,204-6806,090-9819-8649
吉澤,寅雄,355-7863,080-7347-0824
小塚,愛里,825-3102,090-9728-8404
志村,亜子,535-0119,080-2593-2867
永谷,宏次,224-1632,090-5980-2784
小浜,友治,615-7964,090-3041-3796
江上,麻世,140-3099,080-1393-9855
宇佐美,泰介,442-1890,080-1063-0779
伊丹,早希,354-7604,080-3288-7959
本村,泰弘,928-1044,080-0094-8109
相川,妃菜,212-3255,080-8484-5606
山本,義之,544-5565,080-4292-2497
深澤,当麻,245-9744,080-4560-2028
白水,景子,851-8608,090-7617-0225
小平,吉彦,960-8596,090-0512-0426
田川,怜奈,683-5458,080-4192-7267